,Kategori,Link
0,,/haber/haber-joe-biden-cinsel-taciz-iddialari-abd-de-baskanlik-13200760/
2,,/haber/haber-koronavirusun-gorulmedigi-tek-kita-antarktika-13200119/
4,,/haber/haber-dso-cin-deki-hayvan-pazari-virusun-yayilmasinda-13200608/
6,,/haber/haber-prens-harry-ve-meghan-markle-in-yasadigi-luks-13199683/
8,,/haber/haber-cinli-bilim-insanlari-koronavirus-cinsel-yolla-13199400/
10,,/haber/haber-dunya-genelinde-koronavirusten-olenlerin-sayisi-13199212/
12,,/haber/haber-bilim-insanlari-koronaviruste-yeni-tehlikeye-13198864/
14,,/haber/haber-ingiltere-de-6-yasindaki-cocuk-hamile-annesinin-13198413/
16,,/haber/haber-abd-de-7-mayis-ta-koronavirus-nedeniyle-2-bin-483-13198241/
18,,/haber/haber-italyan-arastirmacilar-ilan-etti-dunyada-13198136/
20,,/haber/haber-abd-de-yasaga-ragmen-salonunu-acan-kuafor-13196114/
22,,/haber/haber-ingiltere-hukumeti-turkiye-den-alinan-400-000-adet-13195789/
24,,/haber/haber-new-york-ta-endiselendiren-korona-istatistigi-13195378/
26,,/haber/haber-rus-milyarder-is-adami-bosov-intihar-etti-13195204/
28,,/haber/haber-dunya-genelinde-koronavirus-salgini-nedeniyle-13195122/
30,,/haber/haber-endonezya-da-7-3-buyuklugunde-deprem-meydana-geldi-13194694/
32,,/haber/haber-abd-de-6-mayis-ta-koronavirus-nedeniyle-2-bin-360-13194645/
34,,/haber/haber-bilim-kurulu-uyesi-prof-dr-tevfik-ozlu-normallesme-13194274/
36,,/haber/haber-koronavirus-abd-de-virusle-ilgili-cok-onemli-bir-13193743/
38,,/haber/haber-yeni-zelanda-da-belediye-meclis-uyesi-zoom-13193973/
40,,/haber/haber-guney-kore-istihbarati-kuzey-kore-lideri-kim-13193549/
42,,/haber/haber-ege-denizinde-it-dalasi-iddiasi-pilotlarin-telsiz-13193199/
44,,/haber/haber-ingiltere-de-yasak-askini-iki-kez-evine-cagiran-13192593/
46,,/haber/haber-iran-havayolu-sirketi-mahan-air-in-koronavirusun-13192099/
48,,/haber/haber-bae-de-gokdelende-buyuk-yangin-13191982/
50,,/haber/haber-elon-musk-in-bebegine-verdigi-isim-sosyal-medyada-13191993/
52,,/haber/haber-dunya-genelinde-koronavirus-vaka-sayisi-3-milyon-13191973/
54,,/haber/haber-abd-baskani-donald-trump-geri-adim-atti-cin-13191896/
56,,/haber/haber-afrika-da-gizemli-hastalik-panigi-10-gunde-100-13191883/
58,,/haber/haber-italya-da-koronavirus-nedeniyle-olenlerin-sayisi-13191766/
60,,/haber/haber-israil-patentini-alip-dunyaya-ilan-etti-13191572/
62,,/haber/haber-dunya-saglik-orgutu-nden-kritik-korona-cagrisi-13191539/
64,,/haber/haber-tayland-krali-20-cariyesini-ordu-mensubu-yapti-13191222/
66,,/haber/haber-abd-de-dis-ticaret-acigi-martta-yuzde-11-6-artti-13190998/
68,,/haber/haber-abd-de-koronavirus-salgini-nedeniyle-son-24-13191283/
70,,/haber/haber-trump-yonetiminin-abd-de-ekonominin-acilmasiyla-13191264/
72,,/haber/haber-salginin-basladigi-cin-de-yasaklara-vahsi-hayvan-13190914/
74,,/haber/haber-rusya-da-koronayla-savasan-doktorlarin-supheli-13191206/
76,,/haber/haber-gana-nin-dansci-tabut-tasiyicilari-koronavirus-13190987/
78,,/haber/haber-ingiltere-de-karantinadan-sikilan-adam-evinin-13189677/
80,,/haber/haber-abd-de-polis-kovalamacasi-sirasinda-yol-kenarina-13189653/
82,,/haber/haber-yabanci-basinin-gozu-turk-saglik-sistemindeki-13189608/
84,,/haber/haber-rus-lider-putin-den-kim-jong-un-a-madalya-13188949/
86,,/haber/haber-bisikletli-maymunun-cocuk-kacirma-girisiminin-13188920/
88,,/haber/haber-hasarin-en-net-goruntusu-koronavirus-sindim-13188404/
90,,/haber/haber-almanya-da-9-mayis-tan-itibaren-camiler-ibadete-13188652/
92,,/haber/haber-koronavirusun-mutlu-oksijen-yetmezligi-13188623/
94,,/haber/haber-dunya-saglik-orgutu-koronavirus-uzun-sure-13188586/
96,,/haber/haber-iran-dan-koronavirus-aciklamasi-sonbaharda-13188533/
98,,/haber/haber-dunya-liderlerinin-korona-asisi-icin-para-toplama-13188406/
